<?xml version="1.0" encoding="UTF-8" ?>
<!-- Generated by Oracle SOA Modeler version 11.1.1.7.0 at [11/20/15 1:29 PM]. -->
<composite name="SynchreadXMLProject"
           revision="1.0"
           label="2015-11-20_13-29-28_275"
           mode="active"
           state="on"
           xmlns="http://xmlns.oracle.com/sca/1.0"
           xmlns:xs="http://www.w3.org/2001/XMLSchema"
           xmlns:wsp="http://schemas.xmlsoap.org/ws/2004/09/policy"
           xmlns:orawsp="http://schemas.oracle.com/ws/2006/01/policy"
           xmlns:ui="http://xmlns.oracle.com/soa/designer/">
  <import namespace="http://xmlns.oracle.com/pcbpel/adapter/file/Speeltuin/SynchreadXMLProject/SynchReadXML"
          location="SynchReadXML.wsdl" importType="wsdl"/>
  <import namespace="http://xmlns.oracle.com/Speeltuin/SynchreadXMLProject/SyncReadXMLManager"
          location="SyncReadXMLManager.wsdl" importType="wsdl"/>
  <import namespace="http://xmlns.oracle.com/Speeltuin/SynchreadXMLProject/SynchReadXMLProcess"
          location="SynchReadXMLProcess.wsdl" importType="wsdl"/>
  <service name="SyncReadXMLManager_ep" ui:wsdlLocation="SyncReadXMLManager.wsdl">
    <interface.wsdl interface="http://xmlns.oracle.com/Speeltuin/SynchreadXMLProject/SyncReadXMLManager#wsdl.interface(execute_ptt)"/>
    <binding.ws port="http://xmlns.oracle.com/Speeltuin/SynchreadXMLProject/SyncReadXMLManager#wsdl.endpoint(SyncReadXMLManager_ep/execute_pt)"/>
  </service>
  <property name="productVersion" type="xs:string" many="false">11.1.1.7.0</property>
  <component name="SyncReadXMLManager">
    <implementation.mediator src="SyncReadXMLManager.mplan"/>
  </component>
  <component name="SynchReadXMLProcess" version="2.0">
    <implementation.bpel src="SynchReadXMLProcess.bpel"/>
    <property name="bpel.config.transaction" type="xs:string" many="false">required</property>
    <property name="bpel.config.oneWayDeliveryPolicy" type="xs:string" many="false">async.persist</property>
  </component>
  <reference name="SynchReadXML" ui:wsdlLocation="SynchReadXML.wsdl">
    <interface.wsdl interface="http://xmlns.oracle.com/pcbpel/adapter/file/Speeltuin/SynchreadXMLProject/SynchReadXML#wsdl.interface(SynchReadXML_ptt)"/>
    <binding.jca config="SynchReadXML_file.jca"/>
    <property name="CHUNKED_FILES_DIR" type="xs:string" many="false" override="may"></property>
    <property name="useStAX" type="xs:string" many="false" override="may">false</property>
  </reference>
  <wire>
    <source.uri>SyncReadXMLManager_ep</source.uri>
    <target.uri>SyncReadXMLManager/SyncReadXMLManager</target.uri>
  </wire>
  <wire>
    <source.uri>SyncReadXMLManager/SynchReadXMLProcess.synchreadxmlprocess_client</source.uri>
    <target.uri>SynchReadXMLProcess/synchreadxmlprocess_client</target.uri>
  </wire>
  <wire>
    <source.uri>SynchReadXMLProcess/SynchReadXML</source.uri>
    <target.uri>SynchReadXML</target.uri>
  </wire>
</composite>
