<?xml version="1.0" encoding="UTF-8"?>
<Message xmlns="http://www.amis.nl/chunkreadxml" xmlns:xsi="http://www.w3.org/2001/XMLSchema-instance"
         xsi:schemaLocation="http://www.amis.nl/chunkreadxml ../xsd/EmployersOrig.xsd" test="true">
  <MsgProperties>
    <MsgId>10</MsgId>
    <SenderId>Empa</SenderId>
  </MsgProperties>
  <Employer>
    <Name>AMIS Services BV</Name>
    <EmployerNr>12345678</EmployerNr>
    <Address>
      <Street>Edisonbaan 15</Street>
      <PostalCode>3439 MN</PostalCode>
      <City>Nieuwegein</City>
      <CountryCode>NL</CountryCode>
    </Address>
    <Employee>
      <EmployeeNr>230</EmployeeNr>
      <DOB>1973-08-13</DOB>
      <FamilyName>Paasschens</FamilyName>
      <Initials>E.P.</Initials>
      <Gender>M</Gender>
      <Nat>NL</Nat>
      <EmploymentDate>2006-07-01</EmploymentDate>
    </Employee>
    <Employee>
      <EmployeeNr>311</EmployeeNr>
      <DOB>1988-01-28</DOB>
      <FamilyName>van der Kleij</FamilyName>
      <Initials>E.</Initials>
      <Gender>F</Gender>
      <Nat>NL</Nat>
      <EmploymentDate>2010-03-01</EmploymentDate>
    </Employee>
    <Employee>
      <EmployeeNr>315</EmployeeNr>
      <DOB>1962-03-31</DOB>
      <FamilyName>Uijtewaal</FamilyName>
      <Initials>P.</Initials>
      <Gender>M</Gender>
      <Nat>NL</Nat>
      <EmploymentDate>2010-09-01</EmploymentDate>
    </Employee>
  </Employer>
  <Employer>
    <Name>Oracle NV</Name>
    <EmployerNr>87654321</EmployerNr>
    <Address>
      <Street>250 Oracle Pkwy</Street>
      <PostalCode>CA 94065</PostalCode>
      <City>Redwood City</City>
      <CountryCode>US</CountryCode>
    </Address>
    <Employee>
      <EmployeeNr>1</EmployeeNr>
      <DOB>1944-08-07</DOB>
      <FamilyName>Ellison</FamilyName>
      <Initials>L.J.</Initials>
      <Gender>M</Gender>
      <Nat>US</Nat>
      <EmploymentDate>1977-06-16</EmploymentDate>
    </Employee>
    <Employee>
      <EmployeeNr>2</EmployeeNr>
      <DOB>1957-01-01</DOB>
      <FamilyName>Hurd</FamilyName>
      <Initials>M.V.</Initials>
      <Gender>M</Gender>
      <Nat>US</Nat>
      <EmploymentDate>2010-09-06</EmploymentDate>
    </Employee>
    <Employee>
      <EmployeeNr>3</EmployeeNr>
      <DOB>1961-12-07</DOB>
      <FamilyName>Catz</FamilyName>
      <Initials>S.A.</Initials>
      <Gender>F</Gender>
      <Nat>US</Nat>
      <EmploymentDate>1999-04-01</EmploymentDate>
    </Employee>
  </Employer>
</Message>
